price_id,asset_id,date,open_price,close_price,volume
1,1,2023-10-26,100.63,98.5,11222600
2,1,2023-10-27,98.27,96.49,9602700
3,1,2023-10-30,97.5,100.26,8206700
4,1,2023-10-31,99.86,101.21,6558500
5,1,2023-11-01,101.0,99.35,7272400
6,1,2023-11-02,100.5,103.49,8135100
7,1,2023-11-03,104.82,105.44,7563300
8,1,2023-11-06,105.34,105.62,5231900
9,1,2023-11-07,105.69,107.7,7745800
10,1,2023-11-08,107.71,107.73,8639700
11,1,2023-11-09,108.15,105.38,9154200
12,1,2023-11-10,105.71,104.5,8897700
13,1,2023-11-13,103.77,102.62,7055600
14,1,2023-11-14,103.96,104.15,9674800
15,1,2023-11-15,105.2,106.19,11140800
16,1,2023-11-16,105.48,105.98,5386800
17,1,2023-11-17,106.42,104.35,6352600
18,1,2023-11-20,104.39,104.71,6197400
19,1,2023-11-21,104.56,104.93,5803500
20,1,2023-11-22,105.87,106.28,6280300
21,1,2023-11-24,105.87,106.01,2443600
22,1,2023-11-27,106.03,106.32,5785000
23,1,2023-11-28,106.92,107.1,7287400
24,1,2023-11-29,109.12,108.7,9601800
25,1,2023-11-30,108.85,108.6,8690900
26,1,2023-12-01,109.02,112.14,8049900
27,1,2023-12-04,111.74,113.79,10086600
28,1,2023-12-05,113.3,114.04,6960000
29,1,2023-12-06,114.63,114.73,6317000
30,1,2023-12-07,112.77,113.45,7294500
31,1,2023-12-08,113.14,114.54,6121000
32,1,2023-12-11,116.39,117.2,7972800
33,1,2023-12-12,118.26,118.22,7378400
34,1,2023-12-13,117.94,119.73,8182900
35,1,2023-12-14,120.0,119.59,9590500
36,1,2023-12-15,119.5,120.11,13632900
37,1,2023-12-18,119.97,119.7,6874800
38,1,2023-12-19,120.3,121.19,7697300
39,1,2023-12-20,119.7,119.99,9176600
40,1,2023-12-21,120.85,121.08,16533300
41,1,2023-12-22,106.98,106.76,46642900
42,1,2023-12-26,107.02,106.74,12846700
43,1,2023-12-27,107.06,105.86,10157900
44,1,2023-12-28,105.94,107.53,9352900
45,1,2023-12-29,107.67,107.28,7660900
46,1,2024-01-02,106.34,105.29,9326600
47,1,2024-01-03,104.47,102.81,10573700
48,1,2024-01-04,101.25,101.09,10420600
49,1,2024-01-05,101.25,100.87,8039900
50,1,2024-01-08,100.87,102.39,9414200
51,1,2024-01-09,101.95,101.52,7759500
52,1,2024-01-10,101.47,102.54,6784700
53,1,2024-01-11,102.99,104.65,9537700
54,1,2024-01-12,104.74,103.82,6680000
55,1,2024-01-16,102.71,100.51,10547900
56,1,2024-01-17,99.85,99.63,8226200
57,1,2024-01-18,99.8,99.74,8852400
58,1,2024-01-19,99.82,100.57,8408400
59,1,2024-01-22,100.54,99.37,9897400
60,1,2024-01-23,100.43,100.69,8208000
61,1,2024-01-24,100.57,99.57,7879300
62,1,2024-01-25,100.33,99.58,10063700
63,1,2024-01-26,100.37,101.53,9735800
64,1,2024-01-29,101.66,102.65,8860800
65,1,2024-01-30,102.12,102.95,7542800
66,1,2024-01-31,102.86,100.33,11547600
67,1,2024-02-01,100.69,100.55,7666700
68,1,2024-02-02,99.68,99.52,8961200
69,1,2024-02-05,99.31,98.5,10097900
70,1,2024-02-06,98.32,101.39,11368600
71,1,2024-02-07,101.18,102.56,9447800
72,1,2024-02-08,103.19,102.54,6330400
73,1,2024-02-09,102.57,103.26,5449000
74,1,2024-02-12,103.5,105.91,7501900
75,1,2024-02-13,103.75,103.76,6180500
76,1,2024-02-14,103.58,105.07,5743300
77,1,2024-02-15,105.75,104.79,7201300
78,1,2024-02-16,103.39,102.28,14572100
79,1,2024-02-20,101.91,102.08,8759500
80,1,2024-02-21,102.13,104.02,8893500
81,1,2024-02-22,104.55,103.84,6705500
82,1,2024-02-23,104.01,104.38,6947300
83,1,2024-02-26,104.06,103.3,5831500
84,1,2024-02-27,103.59,103.9,5317400
85,1,2024-02-28,102.87,103.11,4219800
86,1,2024-02-29,103.74,102.7,10811600
87,1,2024-03-01,103.01,101.03,7347600
88,1,2024-03-04,100.8,98.71,11050900
89,1,2024-03-05,98.18,97.49,8670600
90,1,2024-03-06,99.17,96.82,10045300
91,1,2024-03-07,97.18,97.37,8133900
92,1,2024-03-08,97.67,98.34,9040900
93,1,2024-03-11,99.07,100.24,8537400
94,1,2024-03-12,99.95,99.35,7040900
95,1,2024-03-13,99.77,100.52,7326400
96,1,2024-03-14,101.35,99.43,8350900
97,1,2024-03-15,99.47,98.81,15194400
98,1,2024-03-18,98.16,97.92,7207000
99,1,2024-03-19,97.68,99.13,6168900
100,1,2024-03-20,98.62,99.44,7771700
101,1,2024-03-21,99.6,99.98,17176000
102,1,2024-03-22,93.07,93.08,41779000
103,1,2024-03-25,93.29,92.97,14548800
104,1,2024-03-26,92.96,91.81,10816900
105,1,2024-03-27,92.49,93.35,11095700
106,1,2024-03-28,93.59,93.2,11331700
107,1,2024-04-01,93.03,91.79,10360000
108,1,2024-04-02,91.0,90.19,11107300
109,1,2024-04-03,90.25,89.58,8876600
110,1,2024-04-04,90.19,88.33,12110300
111,1,2024-04-05,88.41,88.1,9706400
112,1,2024-04-08,88.37,89.25,8452500
113,1,2024-04-09,89.25,90.24,7194600
114,1,2024-04-10,89.15,88.26,7932900
115,1,2024-04-11,90.47,91.23,15330200
116,1,2024-04-12,91.24,91.23,10903600
117,1,2024-04-15,92.81,92.33,11597300
118,1,2024-04-16,92.27,92.61,10388200
119,1,2024-04-17,93.82,94.05,10181200
120,1,2024-04-18,94.37,94.94,10062900
121,1,2024-04-19,94.63,93.74,11237600
122,1,2024-04-22,93.84,93.41,8642000
123,1,2024-04-23,93.59,93.24,6582700
124,1,2024-04-24,93.32,93.85,6493200
125,1,2024-04-25,93.22,93.16,5317900
126,1,2024-04-26,93.8,93.34,6115700
127,1,2024-04-29,93.65,93.28,5030700
128,1,2024-04-30,92.14,91.49,6493300
129,1,2024-05-01,91.05,89.59,9783100
130,1,2024-05-02,90.57,91.64,7333300
131,1,2024-05-03,92.32,91.38,5736700
132,1,2024-05-06,92.04,92.58,6696300
133,1,2024-05-07,93.3,93.0,7113500
134,1,2024-05-08,92.35,92.81,5372900
135,1,2024-05-09,92.86,92.61,6429800
136,1,2024-05-10,92.3,90.18,10548400
137,1,2024-05-13,90.51,91.95,8792100
138,1,2024-05-14,92.22,92.02,7811000
139,1,2024-05-15,91.52,90.91,15614400
140,1,2024-05-16,90.93,91.01,12711700
141,1,2024-05-17,91.24,91.41,12019600
142,1,2024-05-20,91.48,91.01,9701500
143,1,2024-05-21,90.81,92.05,7809700
144,1,2024-05-22,91.19,91.73,7611900
145,1,2024-05-23,91.68,90.64,7729000
146,1,2024-05-24,91.01,90.99,6936800
147,1,2024-05-28,90.98,91.23,10835000
148,1,2024-05-29,90.92,90.91,7237300
149,1,2024-05-30,91.46,92.67,9310000
150,1,2024-05-31,92.72,94.26,12565600
151,1,2024-06-03,94.1,93.98,9668100
152,1,2024-06-04,93.87,94.32,7838400
153,1,2024-06-05,94.9,93.9,7463300
154,1,2024-06-06,94.44,95.29,9760100
155,1,2024-06-07,94.97,96.12,9397400
156,1,2024-06-10,95.3,95.57,7035600
157,1,2024-06-11,95.1,95.44,7301500
158,1,2024-06-12,95.92,93.26,9861300
159,1,2024-06-13,93.62,93.76,8348200
160,1,2024-06-14,93.38,92.98,7426800
161,1,2024-06-17,91.6,94.58,6365400
162,1,2024-06-18,94.25,94.36,6712000
163,1,2024-06-20,93.46,95.15,9393800
164,1,2024-06-21,95.53,96.75,15569900
165,1,2024-06-24,96.87,96.74,9466900
166,1,2024-06-25,96.88,94.33,9036200
167,1,2024-06-26,93.67,93.64,10160400
168,1,2024-06-27,93.35,93.77,25772700
169,1,2024-06-28,76.79,75.04,129967000
170,1,2024-07-01,75.16,76.49,44369000
171,1,2024-07-02,76.48,75.7,26183400
172,1,2024-07-03,75.16,74.91,15952000
173,1,2024-07-05,75.03,75.1,19603700
174,1,2024-07-08,75.08,72.73,29905000
175,1,2024-07-09,72.97,72.14,23445500
176,1,2024-07-10,71.94,72.22,21378200
177,1,2024-07-11,72.38,73.06,15876700
178,1,2024-07-12,73.24,73.09,14527500
179,1,2024-07-15,72.68,70.99,20775800
180,1,2024-07-16,71.19,72.49,20980700
181,1,2024-07-17,72.21,72.75,11161600
182,1,2024-07-18,72.65,72.06,14440100
183,1,2024-07-19,71.98,72.38,11913300
184,1,2024-07-22,72.8,74.53,19385500
185,1,2024-07-23,74.3,73.07,11041800
186,1,2024-07-24,72.92,70.77,18563300
187,1,2024-07-25,71.21,71.09,13855400
188,1,2024-07-26,71.68,72.24,8892000
189,1,2024-07-29,72.18,73.22,10471800
190,1,2024-07-30,73.36,73.99,8515700
191,1,2024-07-31,74.17,74.53,14632900
192,1,2024-08-01,74.37,73.52,9563500
193,1,2024-08-02,72.51,73.68,11526600
194,1,2024-08-05,70.74,71.1,13191500
195,1,2024-08-06,71.34,72.18,13469700
196,1,2024-08-07,72.56,72.3,9571200
197,1,2024-08-08,72.9,73.86,8828000
198,1,2024-08-09,73.79,74.01,7186600
199,1,2024-08-12,74.38,74.31,7067300
200,1,2024-08-13,74.92,78.15,22114800
201,1,2024-08-14,77.65,78.17,13613000
202,1,2024-08-15,81.74,82.13,23583600
203,1,2024-08-16,82.51,82.86,13794200
204,1,2024-08-19,82.86,82.91,9627300
205,1,2024-08-20,83.12,83.19,7863100
206,1,2024-08-21,83.3,83.63,6915900
207,1,2024-08-22,84.07,83.04,8485500
208,1,2024-08-23,82.97,83.68,9219700
209,1,2024-08-26,83.1,83.91,7853300
210,1,2024-08-27,83.7,84.91,14954000
211,1,2024-08-28,84.67,82.42,11088600
212,1,2024-08-29,83.08,82.89,7477200
213,1,2024-08-30,83.23,82.95,13755300
214,1,2024-09-03,82.71,81.32,10133700
215,1,2024-09-04,80.1,81.02,12837400
216,1,2024-09-05,81.13,80.83,7596300
217,1,2024-09-06,80.88,80.63,8512200
218,1,2024-09-09,80.75,79.49,8003300
219,1,2024-09-10,79.56,78.09,9748400
220,1,2024-09-11,78.0,78.4,8265500
221,1,2024-09-12,78.23,78.4,7186100
222,1,2024-09-13,78.3,79.01,5814200
223,1,2024-09-16,79.33,79.8,9547700
224,1,2024-09-17,80.01,80.64,7580600
225,1,2024-09-18,80.66,80.9,7637000
226,1,2024-09-19,82.6,80.98,15067100
227,1,2024-09-20,87.87,86.52,52039300
228,1,2024-09-23,85.4,86.2,17712400
229,1,2024-09-24,87.44,87.46,21123300
230,1,2024-09-25,87.85,88.0,12392800
231,1,2024-09-26,89.92,89.39,13592800
232,1,2024-09-27,89.45,89.44,9181000
233,1,2024-09-30,89.7,88.4,12027100
234,1,2024-10-01,88.0,89.13,20623400
235,1,2024-10-02,82.89,83.1,33208800
236,1,2024-10-03,82.4,82.1,18143800
237,1,2024-10-04,82.63,82.25,10322600
238,1,2024-10-07,82.14,80.83,12767400
239,1,2024-10-08,80.75,80.77,10569600
240,1,2024-10-09,81.14,82.45,11750600
241,1,2024-10-10,83.4,82.1,8370200
242,1,2024-10-11,82.04,82.15,10171100
243,1,2024-10-14,82.0,81.6,8177700
244,1,2024-10-15,81.05,82.12,11804400
245,1,2024-10-16,82.14,83.94,11220600
246,1,2024-10-17,84.11,83.4,9204500
247,1,2024-10-18,83.78,82.92,7214800
248,1,2024-10-21,82.85,81.48,7550200
249,1,2024-10-22,81.35,81.42,7308800
250,1,2024-10-23,81.0,80.05,7253100
251,1,2024-10-24,80.5,79.04,7424500
252,1,2024-10-25,79.22,78.85,9370600
253,2,2023-10-26,139.41,137.41,258600
254,2,2023-10-27,138.57,136.52,229900
255,2,2023-10-30,139.97,140.41,204900
256,2,2023-10-31,141.69,140.82,159400
257,2,2023-11-01,140.26,140.98,166100
258,2,2023-11-02,146.5,146.67,186200
259,2,2023-11-03,149.23,148.14,147700
260,2,2023-11-06,147.11,146.84,114700
261,2,2023-11-07,145.71,146.38,215600
262,2,2023-11-08,147.85,148.29,160200
263,2,2023-11-09,150.2,149.5,303300
264,2,2023-11-10,144.17,145.51,221700
265,2,2023-11-13,143.84,144.89,168700
266,2,2023-11-14,149.49,151.2,173800
267,2,2023-11-15,152.72,153.16,119800
268,2,2023-11-16,149.86,150.46,156000
269,2,2023-11-17,151.7,152.32,162200
270,2,2023-11-20,153.74,154.97,249000
271,2,2023-11-21,151.77,151.43,206900
272,2,2023-11-22,152.22,152.62,177100
273,2,2023-11-24,151.5,152.07,65300
274,2,2023-11-27,150.86,150.06,145900
275,2,2023-11-28,146.27,147.17,174800
276,2,2023-11-29,148.08,148.87,95700
277,2,2023-11-30,149.87,150.35,232900
278,2,2023-12-01,146.82,149.97,196000
279,2,2023-12-04,149.08,150.04,156800
280,2,2023-12-05,151.22,152.39,140800
281,2,2023-12-06,152.07,152.91,266000
282,2,2023-12-07,152.64,153.23,347700
283,2,2023-12-08,155.25,158.11,156100
284,2,2023-12-11,156.82,158.39,265000
285,2,2023-12-12,157.3,157.14,192200
286,2,2023-12-13,157.66,160.34,209300
287,2,2023-12-14,162.45,162.91,247000
288,2,2023-12-15,161.87,160.93,201700
289,2,2023-12-18,160.27,160.61,150300
290,2,2023-12-19,160.8,162.32,100100
291,2,2023-12-20,161.8,160.14,188200
292,2,2023-12-21,161.53,162.69,141700
293,2,2023-12-22,161.68,160.84,105300
294,2,2023-12-26,161.48,162.47,78500
295,2,2023-12-27,161.52,162.05,86100
296,2,2023-12-28,160.42,160.43,97400
297,2,2023-12-29,161.05,160.91,94800
298,2,2024-01-02,156.93,156.72,215500
299,2,2024-01-03,150.26,150.51,161100
300,2,2024-01-04,150.39,150.98,120500
301,2,2024-01-05,148.74,149.36,96700
302,2,2024-01-08,148.32,150.91,229800
303,2,2024-01-09,147.59,147.29,172600
304,2,2024-01-10,147.97,148.84,100500
305,2,2024-01-11,147.54,147.41,544600
306,2,2024-01-12,144.46,145.57,266600
307,2,2024-01-16,143.13,143.02,241700
308,2,2024-01-17,139.08,140.13,301600
309,2,2024-01-18,143.06,143.38,215500
310,2,2024-01-19,141.26,143.48,212900
311,2,2024-01-22,142.84,143.04,296500
312,2,2024-01-23,143.78,144.22,235800
313,2,2024-01-24,148.67,148.04,288600
314,2,2024-01-25,146.58,155.02,487300
315,2,2024-01-26,165.45,166.16,334600
316,2,2024-01-29,165.88,167.35,183700
317,2,2024-01-30,168.13,168.1,207600
318,2,2024-01-31,166.89,164.63,256700
319,2,2024-02-01,165.46,166.98,180700
320,2,2024-02-02,166.73,166.67,173100
321,2,2024-02-05,165.61,166.56,220800
322,2,2024-02-06,164.89,166.66,162700
323,2,2024-02-07,167.64,167.81,128900
324,2,2024-02-08,170.85,171.24,175000
325,2,2024-02-09,172.36,173.34,178000
326,2,2024-02-12,174.03,174.61,162600
327,2,2024-02-13,169.89,169.17,159400
328,2,2024-02-14,169.87,171.65,252800
329,2,2024-02-15,173.8,174.98,330700
330,2,2024-02-16,174.56,173.71,253100
331,2,2024-02-20,174.59,175.94,172300
332,2,2024-02-21,175.44,177.6,235400
333,2,2024-02-22,178.53,180.58,187000
334,2,2024-02-23,181.76,182.07,237700
335,2,2024-02-26,181.18,181.14,186400
336,2,2024-02-27,181.54,182.51,109000
337,2,2024-02-28,180.99,182.48,138700
338,2,2024-02-29,180.76,181.25,154900
339,2,2024-03-01,181.81,182.18,104900
340,2,2024-03-04,180.73,180.52,119200
341,2,2024-03-05,178.52,177.73,161900
342,2,2024-03-06,180.5,179.74,161800
343,2,2024-03-07,181.53,182.69,107500
344,2,2024-03-08,184.29,182.15,156000
345,2,2024-03-11,183.44,184.1,124900
346,2,2024-03-12,182.79,185.97,218100
347,2,2024-03-13,187.11,187.97,131900
348,2,2024-03-14,189.01,188.69,394300
349,2,2024-03-15,186.97,187.01,203600
350,2,2024-03-18,185.24,184.25,230900
351,2,2024-03-19,184.05,177.74,331400
352,2,2024-03-20,181.0,184.58,193200
353,2,2024-03-21,183.88,181.22,312700
354,2,2024-03-22,178.27,177.11,160300
355,2,2024-03-25,176.25,176.84,132000
356,2,2024-03-26,177.19,175.49,164900
357,2,2024-03-27,176.51,178.27,101800
358,2,2024-03-28,178.55,179.32,331200
359,2,2024-04-01,178.9,178.26,113200
360,2,2024-04-02,175.2,175.49,162400
361,2,2024-04-03,174.85,175.1,216700
362,2,2024-04-04,176.51,172.71,113200
363,2,2024-04-05,171.2,171.43,201600
364,2,2024-04-08,172.82,173.79,127400
365,2,2024-04-09,172.35,171.9,128400
366,2,2024-04-10,167.62,168.62,194100
367,2,2024-04-11,169.2,169.5,119500
368,2,2024-04-12,164.68,163.84,157600
369,2,2024-04-15,168.94,165.57,169900
370,2,2024-04-16,165.53,170.69,391300
371,2,2024-04-17,172.84,169.13,227000
372,2,2024-04-18,167.78,168.57,176800
373,2,2024-04-19,168.61,168.18,122000
374,2,2024-04-22,168.04,168.89,124700
375,2,2024-04-23,169.86,171.81,262800
376,2,2024-04-24,172.5,171.62,191200
377,2,2024-04-25,165.2,167.91,212500
378,2,2024-04-26,168.86,169.29,127300
379,2,2024-04-29,167.26,166.98,126800
380,2,2024-04-30,165.47,164.15,107100
381,2,2024-05-01,164.17,164.02,112200
382,2,2024-05-02,165.51,164.94,103400
383,2,2024-05-03,170.3,168.5,92500
384,2,2024-05-06,168.07,169.0,123400
385,2,2024-05-07,169.74,170.21,146800
386,2,2024-05-08,170.0,169.84,85600
387,2,2024-05-09,168.19,170.13,75400
388,2,2024-05-10,170.24,169.53,125200
389,2,2024-05-13,169.11,168.75,107100
390,2,2024-05-14,170.86,171.92,113700
391,2,2024-05-15,170.15,171.22,196900
392,2,2024-05-16,170.4,170.29,125200
393,2,2024-05-17,169.41,170.44,87000
394,2,2024-05-20,169.95,168.85,102500
395,2,2024-05-21,167.28,166.6,136600
396,2,2024-05-22,163.59,162.27,141200
397,2,2024-05-23,163.85,161.31,148900
398,2,2024-05-24,163.22,163.05,144100
399,2,2024-05-28,162.37,161.7,142000
400,2,2024-05-29,158.34,156.38,301300
401,2,2024-05-30,158.06,158.91,395700
402,2,2024-05-31,159.58,160.74,202200
403,2,2024-06-03,160.68,160.59,193200
404,2,2024-06-04,161.37,160.62,154000
405,2,2024-06-05,163.84,164.75,125700
406,2,2024-06-06,166.17,166.03,116700
407,2,2024-06-07,164.33,164.55,69100
408,2,2024-06-10,159.74,160.91,230000
409,2,2024-06-11,158.68,158.77,219800
410,2,2024-06-12,159.28,158.82,155000
411,2,2024-06-13,158.87,157.35,184200
412,2,2024-06-14,152.0,152.84,560700
413,2,2024-06-17,152.3,155.1,299800
414,2,2024-06-18,152.61,152.46,446500
415,2,2024-06-20,152.91,152.57,567400
416,2,2024-06-21,152.34,153.39,292900
417,2,2024-06-24,155.77,155.36,170700
418,2,2024-06-25,155.92,158.67,266800
419,2,2024-06-26,154.3,155.53,239100
420,2,2024-06-27,154.28,153.14,221500
421,2,2024-06-28,152.61,153.35,203200
422,2,2024-07-01,154.68,153.29,177300
423,2,2024-07-02,152.13,153.5,350400
424,2,2024-07-03,154.94,154.55,156900
425,2,2024-07-05,156.18,155.87,207500
426,2,2024-07-08,153.35,150.66,218300
427,2,2024-07-09,150.0,148.34,258800
428,2,2024-07-10,150.54,151.52,231200
429,2,2024-07-11,154.24,154.13,279600
430,2,2024-07-12,157.18,158.53,225900
431,2,2024-07-15,154.12,153.32,243000
432,2,2024-07-16,151.91,151.6,186300
433,2,2024-07-17,150.85,150.81,267300
434,2,2024-07-18,151.81,150.45,183600
435,2,2024-07-19,148.24,148.0,308800
436,2,2024-07-22,150.88,152.19,176100
437,2,2024-07-23,150.62,146.16,516000
438,2,2024-07-24,145.71,141.98,638300
439,2,2024-07-25,140.92,142.84,821000
440,2,2024-07-26,142.63,144.28,766100
441,2,2024-07-29,141.06,142.29,880200
442,2,2024-07-30,142.45,140.83,1508300
443,2,2024-07-31,142.38,140.44,1335100
444,2,2024-08-01,139.16,137.92,1241300
445,2,2024-08-02,137.71,138.21,844400
446,2,2024-08-05,135.17,136.36,777700
447,2,2024-08-06,134.79,136.13,438100
448,2,2024-08-07,137.9,135.53,378400
449,2,2024-08-08,136.9,138.5,280500
450,2,2024-08-09,138.61,139.0,150800
451,2,2024-08-12,138.95,138.72,208000
452,2,2024-08-13,137.64,140.15,187300
453,2,2024-08-14,141.52,142.16,207500
454,2,2024-08-15,143.84,144.28,281500
455,2,2024-08-16,144.66,145.36,178000
456,2,2024-08-19,147.82,149.6,215800
457,2,2024-08-20,150.16,150.73,305500
458,2,2024-08-21,151.36,151.57,138200
459,2,2024-08-22,152.54,149.85,197500
460,2,2024-08-23,150.2,152.5,306400
461,2,2024-08-26,152.68,152.1,202800
462,2,2024-08-27,149.92,149.8,112400
463,2,2024-08-28,149.14,147.89,125600
464,2,2024-08-29,149.7,149.58,193900
465,2,2024-08-30,149.9,149.07,97600
466,2,2024-09-03,149.23,147.63,141000
467,2,2024-09-04,141.78,142.3,234700
468,2,2024-09-05,137.42,137.35,552200
469,2,2024-09-06,137.17,135.68,1335500
470,2,2024-09-09,136.03,136.46,679300
471,2,2024-09-10,135.4,135.36,404300
472,2,2024-09-11,134.56,135.09,523700
473,2,2024-09-12,133.33,134.88,480700
474,2,2024-09-13,134.96,134.95,220900
475,2,2024-09-16,134.78,135.23,357300
476,2,2024-09-17,135.52,134.94,252900
477,2,2024-09-18,134.45,133.3,263300
478,2,2024-09-19,136.41,137.3,169700
479,2,2024-09-20,133.19,132.72,452600
480,2,2024-09-23,131.27,132.24,342100
481,2,2024-09-24,136.96,138.21,582200
482,2,2024-09-25,138.15,137.78,373700
483,2,2024-09-26,149.95,152.96,862200
484,2,2024-09-27,155.37,156.29,535900
485,2,2024-09-30,155.03,153.61,365200
486,2,2024-10-01,150.15,147.47,616800
487,2,2024-10-02,146.97,147.66,239000
488,2,2024-10-03,146.09,145.86,187400
489,2,2024-10-04,144.72,146.7,281600
490,2,2024-10-07,147.98,148.93,280900
491,2,2024-10-08,144.09,144.68,196200
492,2,2024-10-09,144.0,144.04,296100
493,2,2024-10-10,143.49,143.99,294900
494,2,2024-10-11,142.62,142.97,183700
495,2,2024-10-14,139.29,139.47,279900
496,2,2024-10-15,137.86,128.4,1342000
497,2,2024-10-16,129.96,130.3,1081100
498,2,2024-10-17,131.95,130.96,942800
499,2,2024-10-18,136.09,135.3,478200
500,2,2024-10-21,133.62,132.46,465400
501,2,2024-10-22,132.69,133.45,253300
502,2,2024-10-23,132.26,132.03,239400
503,2,2024-10-24,136.9,135.8,325500
504,2,2024-10-25,135.69,134.76,204700
505,3,2023-10-26,88.12,87.29,23600
506,3,2023-10-27,88.19,87.26,18200
507,3,2023-10-30,87.99,88.49,56000
508,3,2023-10-31,87.96,88.44,41300
509,3,2023-11-01,88.12,88.69,16700
510,3,2023-11-02,91.42,91.01,25200
511,3,2023-11-03,91.93,91.03,18100
512,3,2023-11-06,91.89,91.91,22600
513,3,2023-11-07,90.68,92.11,37800
514,3,2023-11-08,90.56,90.77,43800
515,3,2023-11-09,93.02,91.78,25800
516,3,2023-11-10,90.85,91.92,26500
517,3,2023-11-13,89.88,90.88,33200
518,3,2023-11-14,95.31,97.14,25000
519,3,2023-11-15,96.23,96.75,17600
520,3,2023-11-16,95.98,95.7,18400
521,3,2023-11-17,96.92,97.85,14700
522,3,2023-11-20,98.96,99.33,21000
523,3,2023-11-21,101.01,100.68,22100
524,3,2023-11-22,101.22,101.69,19200
525,3,2023-11-24,100.29,100.78,16100
526,3,2023-11-27,100.77,101.16,17900
527,3,2023-11-28,101.73,102.14,15000
528,3,2023-11-29,105.43,105.29,22000
529,3,2023-11-30,104.99,104.55,18300
530,3,2023-12-01,104.29,105.54,36700
531,3,2023-12-04,104.5,105.27,30800
532,3,2023-12-05,105.12,105.09,29900
533,3,2023-12-06,106.27,105.44,21900
534,3,2023-12-07,102.35,103.05,25700
535,3,2023-12-08,103.29,103.79,17500
536,3,2023-12-11,103.35,104.43,36000
537,3,2023-12-12,104.28,104.35,17000
538,3,2023-12-13,104.73,106.08,25200
539,3,2023-12-14,107.91,108.21,24200
540,3,2023-12-15,104.24,104.09,30300
541,3,2023-12-18,104.33,104.92,19500
542,3,2023-12-19,104.5,105.83,23500
543,3,2023-12-20,106.07,106.02,41200
544,3,2023-12-21,107.01,107.08,27200
545,3,2023-12-22,100.85,101.14,25400
546,3,2023-12-26,101.99,102.24,13700
547,3,2023-12-27,102.64,102.88,14700
548,3,2023-12-28,101.77,101.59,20600
549,3,2023-12-29,101.44,101.34,21900
550,3,2024-01-02,99.48,99.25,20200
551,3,2024-01-03,97.54,97.41,21100
552,3,2024-01-04,93.58,94.46,70500
553,3,2024-01-05,94.02,94.55,44400
554,3,2024-01-08,95.52,96.93,36900
555,3,2024-01-09,96.34,96.88,14900
556,3,2024-01-10,97.42,98.16,14900
557,3,2024-01-11,97.81,97.74,26900
558,3,2024-01-12,97.5,97.08,16300
559,3,2024-01-16,93.11,92.96,44300
560,3,2024-01-17,89.92,89.64,22000
561,3,2024-01-18,88.68,89.54,39300
562,3,2024-01-19,89.15,89.9,20400
563,3,2024-01-22,90.01,90.15,59700
564,3,2024-01-23,90.13,90.51,33400
565,3,2024-01-24,90.81,89.73,36900
566,3,2024-01-25,95.94,94.81,28700
567,3,2024-01-26,95.49,95.89,17000
568,3,2024-01-29,95.49,96.4,17700
569,3,2024-01-30,96.28,96.96,19500
570,3,2024-01-31,95.25,87.85,307600
571,3,2024-02-01,92.49,94.5,488800
572,3,2024-02-02,94.3,95.03,360200
573,3,2024-02-05,94.94,94.27,39000
574,3,2024-02-06,93.27,94.18,231400
575,3,2024-02-07,94.27,94.32,58700
576,3,2024-02-08,92.32,93.42,29500
577,3,2024-02-09,92.42,92.7,16500
578,3,2024-02-12,91.96,93.25,21800
579,3,2024-02-13,90.87,90.58,221200
580,3,2024-02-14,92.94,93.71,29800
581,3,2024-02-15,93.2,93.89,30500
582,3,2024-02-16,95.69,94.49,19100
583,3,2024-02-20,97.15,97.48,200300
584,3,2024-02-21,97.75,97.9,21900
585,3,2024-02-22,100.27,101.81,26900
586,3,2024-02-23,102.19,101.67,29100
587,3,2024-02-26,102.36,101.87,27700
588,3,2024-02-27,101.69,101.92,30600
589,3,2024-02-28,102.05,102.37,14700
590,3,2024-02-29,101.92,101.02,15800
591,3,2024-03-01,101.38,101.11,16500
592,3,2024-03-04,100.33,99.61,44500
593,3,2024-03-05,99.25,99.8,182300
594,3,2024-03-06,102.87,101.06,13500
595,3,2024-03-07,101.22,102.82,22600
596,3,2024-03-08,103.65,102.65,20300
597,3,2024-03-11,102.6,103.06,16200
598,3,2024-03-12,104.26,105.03,23900
599,3,2024-03-13,105.17,109.19,36200
600,3,2024-03-14,112.17,111.84,31100
601,3,2024-03-15,111.58,111.31,18800
602,3,2024-03-18,108.43,108.43,15700
603,3,2024-03-19,108.72,108.83,16400
604,3,2024-03-20,107.96,109.75,12400
605,3,2024-03-21,108.47,107.26,26200
606,3,2024-03-22,107.91,107.78,33300
607,3,2024-03-25,108.81,109.95,32100
608,3,2024-03-26,110.72,110.11,16100
609,3,2024-03-27,111.78,110.85,19800
610,3,2024-03-28,111.04,111.74,25900
611,3,2024-04-01,112.66,111.39,18900
612,3,2024-04-02,109.1,108.57,36400
613,3,2024-04-03,107.79,108.42,30200
614,3,2024-04-04,109.76,107.99,15300
615,3,2024-04-05,108.53,108.88,34300
616,3,2024-04-08,109.74,110.5,14900
617,3,2024-04-09,109.83,109.0,54700
618,3,2024-04-10,107.18,107.51,14000
619,3,2024-04-11,107.7,107.66,14400
620,3,2024-04-12,103.97,103.63,12600
621,3,2024-04-15,108.76,107.73,20100
622,3,2024-04-16,107.41,110.67,94100
623,3,2024-04-17,116.46,116.87,65300
624,3,2024-04-18,118.53,119.36,112700
625,3,2024-04-19,119.78,119.04,76800
626,3,2024-04-22,119.2,119.3,84700
627,3,2024-04-23,120.19,121.92,32200
628,3,2024-04-24,122.35,121.35,132100
629,3,2024-04-25,120.41,121.22,26000
630,3,2024-04-26,121.63,123.44,21700
631,3,2024-04-29,123.9,125.16,23800
632,3,2024-04-30,123.41,119.76,36800
633,3,2024-05-01,116.17,119.13,14800
634,3,2024-05-02,119.73,120.43,42100
635,3,2024-05-03,121.2,120.81,20800
636,3,2024-05-06,121.02,121.07,15000
637,3,2024-05-07,120.17,119.37,21000
638,3,2024-05-08,119.11,118.99,10400
639,3,2024-05-09,119.55,120.35,14700
640,3,2024-05-10,120.65,120.78,12000
641,3,2024-05-13,120.85,121.0,10700
642,3,2024-05-14,122.09,123.02,21700
643,3,2024-05-15,125.12,126.21,25700
644,3,2024-05-16,124.39,123.92,15500
645,3,2024-05-17,124.61,124.57,17400
646,3,2024-05-20,123.62,123.69,44500
647,3,2024-05-21,122.61,123.8,16500
648,3,2024-05-22,122.97,121.46,12900
649,3,2024-05-23,120.51,119.46,184500
650,3,2024-05-24,120.29,121.89,94600
651,3,2024-05-28,120.67,120.38,185300
652,3,2024-05-29,121.92,123.05,472400
653,3,2024-05-30,125.02,125.35,157600
654,3,2024-05-31,125.61,126.58,17200
655,3,2024-06-03,127.0,126.62,99900
656,3,2024-06-04,127.3,126.43,20100
657,3,2024-06-05,127.74,125.83,28800
658,3,2024-06-06,126.24,125.75,33800
659,3,2024-06-07,124.52,124.75,43500
660,3,2024-06-10,124.02,123.84,22700
661,3,2024-06-11,121.29,121.41,29000
662,3,2024-06-12,124.34,124.26,29300
663,3,2024-06-13,122.89,122.04,18300
664,3,2024-06-14,119.17,120.36,36100
665,3,2024-06-17,116.79,118.12,92500
666,3,2024-06-18,115.34,115.95,73600
667,3,2024-06-20,117.7,118.55,47200
668,3,2024-06-21,116.46,116.34,34400
669,3,2024-06-24,117.04,117.29,22200
670,3,2024-06-25,116.69,116.87,26300
671,3,2024-06-26,117.49,118.91,215500
672,3,2024-06-27,119.27,119.63,257600
673,3,2024-06-28,118.77,119.86,411300
674,3,2024-07-01,120.08,118.16,81200
675,3,2024-07-02,115.37,115.82,86700
676,3,2024-07-03,117.09,117.89,19800
677,3,2024-07-05,120.0,119.81,22700
678,3,2024-07-08,119.52,118.53,34800
679,3,2024-07-09,118.0,117.14,16100
680,3,2024-07-10,119.35,119.87,16600
681,3,2024-07-11,121.76,122.39,26200
682,3,2024-07-12,124.85,125.85,114800
683,3,2024-07-15,126.55,125.71,177600
684,3,2024-07-16,123.77,130.15,181800
685,3,2024-07-17,128.0,127.65,141600
686,3,2024-07-18,128.41,126.76,421200
687,3,2024-07-19,125.34,123.94,519900
688,3,2024-07-22,124.33,125.28,31700
689,3,2024-07-23,124.94,124.98,56700
690,3,2024-07-24,125.4,125.17,41300
691,3,2024-07-25,124.45,124.01,20500
692,3,2024-07-26,123.88,126.58,17600
693,3,2024-07-29,127.75,128.22,25600
694,3,2024-07-30,128.02,127.71,20500
695,3,2024-07-31,129.57,124.95,204800
696,3,2024-08-01,122.2,121.55,39000
697,3,2024-08-02,120.79,120.42,191200
698,3,2024-08-05,115.63,118.8,55400
699,3,2024-08-06,114.54,116.43,37000
700,3,2024-08-07,116.61,116.92,35300
701,3,2024-08-08,116.65,117.76,38000
702,3,2024-08-09,117.78,117.26,18100
703,3,2024-08-12,116.89,116.18,39500
704,3,2024-08-13,115.75,118.0,128400
705,3,2024-08-14,120.58,119.69,126900
706,3,2024-08-15,120.35,120.22,157800
707,3,2024-08-16,120.16,119.58,14400
708,3,2024-08-19,119.45,120.86,22700
709,3,2024-08-20,119.67,119.0,13300
710,3,2024-08-21,120.74,121.2,14200
711,3,2024-08-22,121.53,120.27,14800
712,3,2024-08-23,120.85,122.24,21300
713,3,2024-08-26,122.64,122.27,16600
714,3,2024-08-27,122.92,124.88,35800
715,3,2024-08-28,126.01,126.28,43900
716,3,2024-08-29,127.28,127.38,20900
717,3,2024-08-30,130.29,128.56,19600
718,3,2024-09-03,127.44,126.56,28300
719,3,2024-09-04,123.56,124.34,13000
720,3,2024-09-05,123.27,123.28,16600
721,3,2024-09-06,123.07,122.51,22100
722,3,2024-09-09,117.03,118.43,263200
723,3,2024-09-10,116.56,116.13,87800
724,3,2024-09-11,116.76,118.52,50600
725,3,2024-09-12,119.65,121.49,20800
726,3,2024-09-13,121.36,120.9,38000
727,3,2024-09-16,122.18,122.46,19800
728,3,2024-09-17,123.11,123.03,24800
729,3,2024-09-18,124.23,123.04,47400
730,3,2024-09-19,126.44,124.64,48600
731,3,2024-09-20,121.85,121.94,29300
732,3,2024-09-23,121.6,121.73,13900
733,3,2024-09-24,123.07,123.41,16000
734,3,2024-09-25,124.69,123.91,27800
735,3,2024-09-26,130.74,130.95,29800
736,3,2024-09-27,132.96,133.4,108000
737,3,2024-09-30,134.23,132.69,59500
738,3,2024-10-01,132.24,129.36,27800
739,3,2024-10-02,130.95,130.72,29100
740,3,2024-10-03,131.37,130.39,23600
741,3,2024-10-04,131.37,131.24,20100
742,3,2024-10-07,130.93,130.26,15200
743,3,2024-10-08,130.24,129.6,18100
744,3,2024-10-09,131.22,129.55,14900
745,3,2024-10-10,128.43,127.51,16300
746,3,2024-10-11,128.4,128.07,16900
747,3,2024-10-14,129.0,129.45,26500
748,3,2024-10-15,130.56,129.64,309300
749,3,2024-10-16,124.82,121.28,1069200
750,3,2024-10-17,122.65,122.33,616700
751,3,2024-10-18,124.54,123.76,66500
752,3,2024-10-21,122.1,120.42,48400
753,3,2024-10-22,118.92,118.93,31200
754,3,2024-10-23,117.34,116.01,34700
755,3,2024-10-24,117.71,116.88,24300
756,3,2024-10-25,117.08,116.89,25900
757,4,2023-10-25,33.33,33.32,7752542
758,4,2023-10-26,32.82,32.64,3175212
759,4,2023-10-27,32.76,31.91,2145121
760,4,2023-10-30,32.08,32.32,8195639
761,4,2023-10-31,32.27,32.0,2518178
762,4,2023-11-01,32.44,32.41,1823092
763,4,2023-11-02,32.61,33.12,6346472
764,4,2023-11-03,33.22,32.96,1644171
765,4,2023-11-06,33.01,32.62,1665185
766,4,2023-11-07,32.51,32.84,2436149
767,4,2023-11-08,32.79,33.43,7430653
768,4,2023-11-09,33.4,33.91,2205154
769,4,2023-11-10,33.66,33.69,1631927
770,4,2023-11-13,33.97,33.82,1774532
771,4,2023-11-14,33.96,34.34,2476380
772,4,2023-11-15,34.4,34.74,2084022
773,4,2023-11-16,34.88,34.51,1536736
774,4,2023-11-17,34.64,35.05,5486832
775,4,2023-11-20,35.18,35.71,5338916
776,4,2023-11-21,35.74,36.25,2172273
777,4,2023-11-22,36.37,36.24,1753885
778,4,2023-11-23,36.35,36.31,4120131
779,4,2023-11-24,36.37,36.63,1221468
780,4,2023-11-27,36.46,36.51,2181792
781,4,2023-11-28,36.37,36.59,1546222
782,4,2023-11-29,36.67,36.9,1253284
783,4,2023-11-30,36.88,37.19,3932506
784,4,2023-12-01,37.19,37.66,1818269
785,4,2023-12-04,37.57,37.72,1676401
786,4,2023-12-05,37.67,37.88,1993975
787,4,2023-12-06,37.6,37.35,2421196
788,4,2023-12-07,37.25,36.85,2111580
789,4,2023-12-08,36.86,37.24,1631510
790,4,2023-12-11,37.26,37.51,2888091
791,4,2023-12-12,37.51,37.65,1824661
792,4,2023-12-13,37.53,37.56,7856168
793,4,2023-12-14,38.14,37.95,2807935
794,4,2023-12-15,38.24,37.76,7188125
795,4,2023-12-18,37.62,37.76,2688944
796,4,2023-12-19,37.85,38.28,1553736
797,4,2023-12-20,38.33,38.43,1399368
798,4,2023-12-21,38.39,38.49,1034760
799,4,2023-12-22,38.34,38.39,853424
800,4,2023-12-27,38.5,38.58,999104
801,4,2023-12-28,38.58,38.71,785538
802,4,2023-12-29,38.71,38.76,866216
803,4,2024-01-02,39.0,38.49,2257047
804,4,2024-01-03,38.37,37.31,1993687
805,4,2024-01-04,37.3,37.36,1248926
806,4,2024-01-05,37.05,36.98,1468605
807,4,2024-01-08,36.97,37.42,942874
808,4,2024-01-09,37.47,37.17,2224766
809,4,2024-01-10,37.33,37.61,1161134
810,4,2024-01-11,37.85,37.54,1726950
811,4,2024-01-12,37.52,38.38,1767751
812,4,2024-01-15,38.33,38.23,978532
813,4,2024-01-16,37.98,38.1,1299179
814,4,2024-01-17,37.85,37.77,1643422
815,4,2024-01-18,37.88,37.97,3810433
816,4,2024-01-19,38.24,38.21,1812822
817,4,2024-01-22,38.42,38.46,1163221
818,4,2024-01-23,38.58,37.69,1783123
819,4,2024-01-24,37.72,38.35,1716357
820,4,2024-01-25,38.37,38.48,1175771
821,4,2024-01-26,38.39,38.21,1695816
822,4,2024-01-29,38.09,38.26,1235646
823,4,2024-01-30,38.35,39.32,1695740
824,4,2024-01-31,38.65,39.04,2393368
825,4,2024-02-01,38.95,38.88,1733914
826,4,2024-02-02,39.12,38.96,1487416
827,4,2024-02-05,38.92,38.15,1708008
828,4,2024-02-06,38.5,38.41,1228783
829,4,2024-02-07,38.3,37.85,1798442
830,4,2024-02-08,37.99,38.22,1451262
831,4,2024-02-09,38.27,38.4,2583257
832,4,2024-02-12,38.54,38.75,878800
833,4,2024-02-13,38.63,38.45,1918129
834,4,2024-02-14,38.38,38.54,1379236
835,4,2024-02-15,38.72,38.72,1155667
836,4,2024-02-16,38.93,38.93,1583846
837,4,2024-02-19,38.75,39.0,863148
838,4,2024-02-20,39.02,39.42,1402638
839,4,2024-02-21,39.5,40.12,1399007
840,4,2024-02-22,40.37,40.34,1427077
841,4,2024-02-23,40.4,40.31,1810161
842,4,2024-02-26,40.38,40.89,1462144
843,4,2024-02-27,40.8,40.34,1370414
844,4,2024-02-28,40.23,40.31,1438929
845,4,2024-02-29,40.46,40.31,3410040
846,4,2024-03-01,40.33,40.4,1578887
847,4,2024-03-04,40.47,40.4,1210774
848,4,2024-03-05,40.42,39.96,2806753
849,4,2024-03-06,40.03,40.25,1243887
850,4,2024-03-07,39.86,40.45,1960963
851,4,2024-03-08,40.43,39.98,1320051
852,4,2024-03-11,39.88,39.68,1580499
853,4,2024-03-12,39.89,40.38,1792141
854,4,2024-03-13,41.46,43.51,7052469
855,4,2024-03-14,43.74,44.0,2341361
856,4,2024-03-15,44.0,44.31,5298403
857,4,2024-03-18,44.34,44.22,1569931
858,4,2024-03-19,44.43,45.04,1728216
859,4,2024-03-20,45.04,45.36,1270488
860,4,2024-03-21,45.89,45.48,1998975
861,4,2024-03-22,45.22,45.44,1943621
862,4,2024-03-25,45.04,44.98,1440196
863,4,2024-03-26,45.07,44.95,1408194
864,4,2024-03-27,45.13,45.87,2070148
865,4,2024-03-28,46.01,45.88,2272957
866,4,2024-04-02,45.63,45.1,2854488
867,4,2024-04-03,45.17,45.7,1791487
868,4,2024-04-04,45.76,45.23,3472168
869,4,2024-04-05,44.53,44.43,2177839
870,4,2024-04-08,44.34,44.25,1130325
871,4,2024-04-09,44.24,43.45,1797942
872,4,2024-04-10,43.57,42.88,1580283
873,4,2024-04-11,42.86,42.7,1405656
874,4,2024-04-12,43.06,42.92,1287982
875,4,2024-04-15,43.24,43.54,2237136
876,4,2024-04-16,42.91,42.76,6424810
877,4,2024-04-17,42.82,42.84,6003648
878,4,2024-04-18,43.0,43.0,1516752
879,4,2024-04-19,42.53,43.0,2000340
880,4,2024-04-22,43.46,43.89,9140388
881,4,2024-04-23,44.24,45.25,19083663
882,4,2024-04-24,45.3,44.42,1397793
883,4,2024-04-25,44.51,43.94,3006151
884,4,2024-04-26,44.24,44.57,2043627
885,4,2024-04-29,45.02,43.87,1346611
886,4,2024-04-30,43.87,42.85,2380092
887,4,2024-05-02,42.94,42.5,6906954
888,4,2024-05-03,42.71,42.82,1996065
889,4,2024-05-06,42.81,42.69,971783
890,4,2024-05-07,43.0,43.06,2086581
891,4,2024-05-08,43.07,43.62,1304913
892,4,2024-05-09,43.48,42.76,5311274
893,4,2024-05-10,42.61,42.88,2222226
894,4,2024-05-13,42.99,43.42,985686
895,4,2024-05-14,43.52,43.48,5288039
896,4,2024-05-15,43.6,43.8,1626085
897,4,2024-05-16,43.97,43.3,1428880
898,4,2024-05-17,42.7,43.15,1895757
899,4,2024-05-20,43.23,43.43,1484813
900,4,2024-05-21,43.48,43.31,1239552
901,4,2024-05-22,43.25,43.63,973243
902,4,2024-05-23,43.69,44.33,1625127
903,4,2024-05-24,44.14,44.3,1280825
904,4,2024-05-27,44.38,44.75,813836
905,4,2024-05-28,44.62,43.8,1739757
906,4,2024-05-29,43.78,43.58,1107565
907,4,2024-05-30,43.56,44.36,1571052
908,4,2024-05-31,44.6,43.56,4222874
909,4,2024-06-03,43.9,44.0,1271746
910,4,2024-06-04,44.05,43.93,2013472
911,4,2024-06-05,46.13,45.57,3962449
912,4,2024-06-06,45.76,45.99,1364245
913,4,2024-06-07,46.15,45.67,1884201
914,4,2024-06-10,45.68,45.71,1837560
915,4,2024-06-11,45.98,45.47,3207919
916,4,2024-06-12,45.57,46.47,1137595
917,4,2024-06-13,46.47,46.14,3291941
918,4,2024-06-14,46.15,45.96,2178751
919,4,2024-06-17,46.11,46.44,1615044
920,4,2024-06-18,46.62,46.86,1397057
921,4,2024-06-19,46.94,46.88,3548764
922,4,2024-06-20,47.0,47.43,2598222
923,4,2024-06-21,47.3,46.83,4343955
924,4,2024-06-24,46.89,47.21,4243194
925,4,2024-06-25,47.04,46.82,1123213
926,4,2024-06-26,46.95,46.61,1246795
927,4,2024-06-27,46.3,46.48,2792017
928,4,2024-06-28,46.77,46.36,1560758
929,4,2024-07-01,46.89,45.9,1807576
930,4,2024-07-02,45.65,45.25,1959057
931,4,2024-07-03,45.54,45.69,1840020
932,4,2024-07-04,45.65,45.69,938348
933,4,2024-07-05,45.82,45.42,1167646
934,4,2024-07-08,45.37,45.61,2257020
935,4,2024-07-09,45.33,45.37,1625077
936,4,2024-07-10,45.55,45.8,1230292
937,4,2024-07-11,46.15,46.48,1082976
938,4,2024-07-12,46.5,47.29,1141060
939,4,2024-07-15,47.18,46.42,2201894
940,4,2024-07-16,46.0,45.93,1197979
941,4,2024-07-17,45.87,45.29,1924572
942,4,2024-07-18,45.37,45.25,1307334
943,4,2024-07-19,45.35,45.23,2314307
944,4,2024-07-22,45.45,45.26,1754622
945,4,2024-07-23,45.11,45.73,928937
946,4,2024-07-24,45.35,45.07,1348801
947,4,2024-07-25,44.75,44.8,1402811
948,4,2024-07-26,44.5,44.96,1056306
949,4,2024-07-29,45.02,44.54,887838
950,4,2024-07-30,44.7,45.16,1373756
951,4,2024-07-31,45.52,44.86,2254441
952,4,2024-08-01,45.03,44.88,1381450
953,4,2024-08-02,44.5,43.78,1656290
954,4,2024-08-05,42.7,43.31,2563546
955,4,2024-08-06,43.21,42.94,2018155
956,4,2024-08-07,43.17,43.47,1388192
957,4,2024-08-08,42.9,43.41,1178519
958,4,2024-08-09,43.61,44.22,1049832
959,4,2024-08-12,44.45,44.25,1016871
960,4,2024-08-13,44.28,44.41,826789
961,4,2024-08-14,44.56,44.9,874775
962,4,2024-08-15,44.9,45.36,951670
963,4,2024-08-16,45.57,46.59,1808811
964,4,2024-08-19,46.59,47.5,1942850
965,4,2024-08-20,47.74,48.14,1472752
966,4,2024-08-21,48.19,48.51,1089537
967,4,2024-08-22,48.72,48.85,1208691
968,4,2024-08-23,48.95,49.4,1079743
969,4,2024-08-26,49.24,49.19,1000977
970,4,2024-08-27,49.25,49.24,1581974
971,4,2024-08-28,49.45,48.66,1604022
972,4,2024-08-29,48.78,49.35,1106524
973,4,2024-08-30,49.3,48.98,2851811
974,4,2024-09-02,48.93,48.66,1350695
975,4,2024-09-03,48.83,48.48,1197929
976,4,2024-09-04,48.01,47.87,1382429
977,4,2024-09-05,47.5,46.93,1802720
978,4,2024-09-06,46.86,46.6,2024126
979,4,2024-09-09,46.84,46.55,1672618
980,4,2024-09-10,46.67,46.28,2259437
981,4,2024-09-11,47.0,48.38,2573288
982,4,2024-09-12,49.0,49.82,2528505
983,4,2024-09-13,50.0,50.38,1917369
984,4,2024-09-16,50.16,50.38,1062059
985,4,2024-09-17,50.54,51.04,1663045
986,4,2024-09-18,51.02,50.94,1427695
987,4,2024-09-19,51.94,52.06,1910188
988,4,2024-09-20,51.8,52.02,5024803
989,4,2024-09-23,52.04,52.3,1369445
990,4,2024-09-24,52.7,53.26,2534077
991,4,2024-09-25,52.92,52.38,1875155
992,4,2024-09-26,52.68,53.22,2205081
993,4,2024-09-27,53.28,53.32,2013866
994,4,2024-09-30,53.3,53.14,2367772
995,4,2024-10-01,53.1,52.34,2180466
996,4,2024-10-02,52.26,51.98,1551143
997,4,2024-10-03,51.84,51.92,1599208
998,4,2024-10-04,51.9,51.86,1963138
999,4,2024-10-07,52.2,52.42,1561986
1000,4,2024-10-08,52.16,52.96,1329932
1001,4,2024-10-09,53.08,52.78,979807
1002,4,2024-10-10,52.78,52.66,3093486
1003,4,2024-10-11,52.78,53.22,1236856
1004,4,2024-10-14,53.18,54.04,1869862
1005,4,2024-10-15,54.26,54.1,1680702
1006,4,2024-10-16,54.3,54.96,2203149
1007,4,2024-10-17,54.9,54.58,3004118
1008,4,2024-10-18,54.12,53.7,2410860
1009,4,2024-10-21,53.8,53.94,10096529
1010,4,2024-10-22,53.94,54.24,8615565
1011,4,2024-10-23,54.0,54.5,2225681
1012,4,2024-10-24,54.5,55.0,1759917
1013,4,2024-10-25,54.8,54.56,5046265
1014,5,2023-10-26,2.49,2.48,54200
1015,5,2023-10-27,2.45,2.44,18700
1016,5,2023-10-30,2.49,2.49,68300
1017,5,2023-10-31,2.55,2.53,262400
1018,5,2023-11-01,2.56,2.59,32600
1019,5,2023-11-02,2.68,2.69,58600
1020,5,2023-11-03,2.76,2.81,14000
1021,5,2023-11-06,2.77,2.71,35000
1022,5,2023-11-07,2.8,2.8,23200
1023,5,2023-11-08,2.84,2.8,53000
1024,5,2023-11-09,2.82,2.8,19000
1025,5,2023-11-10,2.75,2.77,9200
1026,5,2023-11-13,2.75,2.77,9700
1027,5,2023-11-14,2.82,2.88,59400
1028,5,2023-11-15,2.95,3.01,45300
1029,5,2023-11-16,2.94,2.92,26400
1030,5,2023-11-17,3.05,3.08,64200
1031,5,2023-11-20,3.1,3.11,18700
1032,5,2023-11-21,3.15,3.13,132400
1033,5,2023-11-22,3.15,3.16,15500
1034,5,2023-11-24,3.2,3.22,7300
1035,5,2023-11-27,3.22,3.23,15000
1036,5,2023-11-28,3.24,3.26,27100
1037,5,2023-11-29,3.27,3.22,140900
1038,5,2023-11-30,3.1,3.09,145400
1039,5,2023-12-01,3.21,3.22,64100
1040,5,2023-12-04,3.27,3.24,16900
1041,5,2023-12-05,3.19,3.17,9000
1042,5,2023-12-06,3.15,3.11,7700
1043,5,2023-12-07,3.14,3.16,13000
1044,5,2023-12-08,3.19,3.19,24500
1045,5,2023-12-11,3.25,3.25,10600
1046,5,2023-12-12,3.24,3.23,7300
1047,5,2023-12-13,3.23,3.27,96200
1048,5,2023-12-14,3.34,3.34,25900
1049,5,2023-12-15,3.34,3.32,10400
1050,5,2023-12-18,3.44,3.41,10800
1051,5,2023-12-19,3.43,3.45,14800
1052,5,2023-12-20,3.46,3.43,5900
1053,5,2023-12-21,3.49,3.47,14500
1054,5,2023-12-22,3.44,3.41,13700
1055,5,2023-12-26,3.41,3.43,1300
1056,5,2023-12-27,3.44,3.47,8600
1057,5,2023-12-28,3.43,3.4,16200
1058,5,2023-12-29,3.41,3.39,16500
1059,5,2024-01-02,3.32,3.33,18700
1060,5,2024-01-03,3.19,3.19,4800
1061,5,2024-01-04,3.19,3.18,20400
1062,5,2024-01-05,3.15,3.14,10700
1063,5,2024-01-08,3.17,3.2,7500
1064,5,2024-01-09,3.15,3.16,15800
1065,5,2024-01-10,3.17,3.18,18600
1066,5,2024-01-11,3.18,3.18,20600
1067,5,2024-01-12,3.18,3.18,8100
1068,5,2024-01-16,3.09,3.08,14000
1069,5,2024-01-17,2.93,2.96,18000
1070,5,2024-01-18,2.97,2.96,16200
1071,5,2024-01-19,2.92,2.95,14400
1072,5,2024-01-22,2.91,2.92,14700
1073,5,2024-01-23,2.97,2.98,22600
1074,5,2024-01-24,3.03,3.0,16800
1075,5,2024-01-25,3.05,3.06,8500
1076,5,2024-01-26,3.11,3.08,86400
1077,5,2024-01-29,3.09,3.09,8500
1078,5,2024-01-30,3.11,3.1,20700
1079,5,2024-01-31,2.71,2.73,28400
1080,5,2024-02-01,2.68,2.68,6400
1081,5,2024-02-02,2.65,2.64,33000
1082,5,2024-02-05,2.56,2.55,62200
1083,5,2024-02-06,2.57,2.58,39000
1084,5,2024-02-07,2.55,2.57,72100
1085,5,2024-02-08,2.6,2.56,28200
1086,5,2024-02-09,2.59,2.58,92200
1087,5,2024-02-12,2.6,2.6,31700
1088,5,2024-02-13,2.54,2.52,79900
1089,5,2024-02-14,2.57,2.57,31900
1090,5,2024-02-15,2.62,2.61,47600
1091,5,2024-02-16,2.63,2.61,37100
1092,5,2024-02-20,2.64,2.64,18700
1093,5,2024-02-21,2.66,2.69,49900
1094,5,2024-02-22,2.63,2.6,27200
1095,5,2024-02-23,2.63,2.63,19700
1096,5,2024-02-26,2.63,2.63,63600
1097,5,2024-02-27,2.65,2.65,49000
1098,5,2024-02-28,2.62,2.61,25600
1099,5,2024-02-29,2.62,2.6,91000
1100,5,2024-03-01,2.62,2.62,64500
1101,5,2024-03-04,2.56,2.56,19800
1102,5,2024-03-05,2.55,2.58,36000
1103,5,2024-03-06,2.64,2.63,198800
1104,5,2024-03-07,2.64,2.61,20500
1105,5,2024-03-08,2.65,2.64,13400
1106,5,2024-03-11,2.66,2.67,34400
1107,5,2024-03-12,2.69,2.72,57800
1108,5,2024-03-13,2.76,2.77,15600
1109,5,2024-03-14,2.76,2.73,8600
1110,5,2024-03-15,2.73,2.7,8600
1111,5,2024-03-18,2.72,2.67,11300
1112,5,2024-03-19,2.72,2.73,10500
1113,5,2024-03-20,2.77,2.79,9200
1114,5,2024-03-21,2.82,2.81,25800
1115,5,2024-03-22,2.78,2.78,4300
1116,5,2024-03-25,2.75,2.76,42400
1117,5,2024-03-26,2.81,2.8,49800
1118,5,2024-03-27,3.17,3.25,146100
1119,5,2024-03-28,3.23,3.16,206800
1120,5,2024-04-01,3.13,3.13,30000
1121,5,2024-04-02,2.98,2.98,49200
1122,5,2024-04-03,3.04,3.05,49900
1123,5,2024-04-04,3.09,3.03,79500
1124,5,2024-04-05,3.02,3.01,87100
1125,5,2024-04-08,3.05,3.04,25900
1126,5,2024-04-09,3.04,3.03,50600
1127,5,2024-04-10,2.97,2.98,46000
1128,5,2024-04-11,2.96,2.97,77400
1129,5,2024-04-12,2.94,2.91,21100
1130,5,2024-04-15,2.93,2.9,42000
1131,5,2024-04-16,2.95,2.96,124700
1132,5,2024-04-17,3.0,2.98,104400
1133,5,2024-04-18,3.01,2.98,29900
1134,5,2024-04-19,3.01,3.0,16200
1135,5,2024-04-22,3.09,3.1,17500
1136,5,2024-04-23,3.22,3.26,119300
1137,5,2024-04-24,3.19,3.17,89200
1138,5,2024-04-25,3.12,3.17,24400
1139,5,2024-04-26,3.16,3.19,25500
1140,5,2024-04-29,3.18,3.17,61700
1141,5,2024-04-30,3.29,3.05,29900
1142,5,2024-05-01,3.05,3.15,22800
1143,5,2024-05-02,3.06,3.06,15200
1144,5,2024-05-03,3.08,3.12,32800
1145,5,2024-05-06,3.13,3.15,19200
1146,5,2024-05-07,3.1,3.11,52400
1147,5,2024-05-08,3.04,3.04,27600
1148,5,2024-05-09,3.18,3.17,19100
1149,5,2024-05-10,3.08,3.11,40900
1150,5,2024-05-13,3.17,3.2,15300
1151,5,2024-05-14,3.2,3.24,9600
1152,5,2024-05-15,3.23,3.27,7300
1153,5,2024-05-16,3.23,3.24,9300
1154,5,2024-05-17,3.33,3.35,4200
1155,5,2024-05-20,3.42,3.44,20800
1156,5,2024-05-21,3.46,3.48,27900
1157,5,2024-05-22,3.47,3.45,36300
1158,5,2024-05-23,3.41,3.41,135000
1159,5,2024-05-24,3.48,3.48,47300
1160,5,2024-05-28,3.51,3.5,13300
1161,5,2024-05-29,3.39,3.38,16700
1162,5,2024-05-30,3.42,3.45,44700
1163,5,2024-05-31,3.48,3.49,25800
1164,5,2024-06-03,3.48,3.49,14800
1165,5,2024-06-04,3.41,3.47,21900
1166,5,2024-06-05,3.51,3.49,59900
1167,5,2024-06-06,3.52,3.52,15900
1168,5,2024-06-07,3.49,3.49,10500
1169,5,2024-06-10,3.46,3.46,2700
1170,5,2024-06-11,3.45,3.47,42800
1171,5,2024-06-12,3.56,3.54,28200
1172,5,2024-06-13,3.48,3.47,8200
1173,5,2024-06-14,3.5,3.52,9300
1174,5,2024-06-17,3.53,3.54,28000
1175,5,2024-06-18,3.6,3.63,13900
1176,5,2024-06-20,3.64,3.65,9300
1177,5,2024-06-21,3.61,3.62,33900
1178,5,2024-06-24,3.6,3.64,22900
1179,5,2024-06-25,3.56,3.57,14600
1180,5,2024-06-26,3.55,3.64,5300
1181,5,2024-06-27,3.2,3.15,26200
1182,5,2024-06-28,3.11,3.12,8700
1183,5,2024-07-01,3.02,3.09,25200
1184,5,2024-07-02,3.04,3.05,44500
1185,5,2024-07-03,3.18,3.17,15500
1186,5,2024-07-05,3.18,3.19,23500
1187,5,2024-07-08,3.23,3.16,12700
1188,5,2024-07-09,3.15,3.15,48500
1189,5,2024-07-10,3.15,3.15,88000
1190,5,2024-07-11,3.22,3.17,44300
1191,5,2024-07-12,3.27,3.26,42500
1192,5,2024-07-15,3.21,3.2,8400
1193,5,2024-07-16,3.17,3.21,18700
1194,5,2024-07-17,3.14,3.13,18500
1195,5,2024-07-18,3.2,3.14,42200
1196,5,2024-07-19,3.11,3.1,10300
1197,5,2024-07-22,3.09,3.06,18300
1198,5,2024-07-23,3.04,3.01,37700
1199,5,2024-07-24,2.99,3.0,39900
1200,5,2024-07-25,2.98,3.0,55500
1201,5,2024-07-26,3.03,3.01,9000
1202,5,2024-07-29,3.04,3.01,34800
1203,5,2024-07-30,3.05,3.05,41500
1204,5,2024-07-31,3.05,3.05,37000
1205,5,2024-08-01,3.08,3.01,22300
1206,5,2024-08-02,2.98,2.97,10700
1207,5,2024-08-05,2.92,2.96,31700
1208,5,2024-08-06,2.9,2.92,45300
1209,5,2024-08-07,2.97,2.92,31100
1210,5,2024-08-08,2.94,2.93,81400
1211,5,2024-08-09,2.95,2.96,17700
1212,5,2024-08-12,2.96,2.93,24000
1213,5,2024-08-13,2.92,2.94,87500
1214,5,2024-08-14,2.96,2.96,43500
1215,5,2024-08-15,2.98,2.99,17800
1216,5,2024-08-16,3.02,3.02,51000
1217,5,2024-08-19,3.07,3.08,133500
1218,5,2024-08-20,3.09,3.12,70200
1219,5,2024-08-21,3.11,3.13,88300
1220,5,2024-08-22,3.15,3.1,31700
1221,5,2024-08-23,3.16,3.2,100100
1222,5,2024-08-26,3.22,3.21,59100
1223,5,2024-08-27,3.23,3.23,5100
1224,5,2024-08-28,3.14,3.12,49200
1225,5,2024-08-29,3.12,3.08,41300
1226,5,2024-08-30,3.12,3.1,24300
1227,5,2024-09-03,3.12,3.08,6000
1228,5,2024-09-04,3.09,3.1,14100
1229,5,2024-09-05,3.07,3.05,33200
1230,5,2024-09-06,3.06,3.0,592300
1231,5,2024-09-09,2.97,2.96,16700
1232,5,2024-09-10,2.92,2.94,85200
1233,5,2024-09-11,3.01,2.98,17300
1234,5,2024-09-12,3.06,3.1,22200
1235,5,2024-09-13,3.18,3.17,35100
1236,5,2024-09-16,3.24,3.3,48100
1237,5,2024-09-17,3.35,3.39,23000
1238,5,2024-09-18,3.38,3.39,10900
1239,5,2024-09-19,3.45,3.46,9700
1240,5,2024-09-20,3.47,3.48,16900
1241,5,2024-09-23,3.56,3.57,10300
1242,5,2024-09-24,3.53,3.57,20800
1243,5,2024-09-25,3.57,3.49,15000
1244,5,2024-09-26,3.36,3.39,21100
1245,5,2024-09-27,3.41,3.34,14200
1246,5,2024-09-30,3.35,3.36,21200
1247,5,2024-10-01,3.32,3.26,32100
1248,5,2024-10-02,3.29,3.29,22300
1249,5,2024-10-03,3.28,3.23,17000
1250,5,2024-10-04,3.21,3.24,12700
1251,5,2024-10-07,3.33,3.29,43600
1252,5,2024-10-08,3.26,3.23,57000
1253,5,2024-10-09,3.22,3.23,14100
1254,5,2024-10-10,3.2,3.22,17900
1255,5,2024-10-11,3.25,3.27,11600
1256,5,2024-10-14,3.28,3.28,4800
1257,5,2024-10-15,3.32,3.3,23400
1258,5,2024-10-16,3.34,3.32,10600
1259,5,2024-10-17,3.31,3.31,58300
1260,5,2024-10-18,3.3,3.28,5800
1261,5,2024-10-21,3.3,3.25,18300
1262,5,2024-10-22,3.24,3.23,11700
1263,5,2024-10-23,3.21,3.18,57000
1264,5,2024-10-24,3.23,3.22,6000
1265,5,2024-10-25,3.18,3.17,10400
1266,6,2023-10-26,51.2,50.96,1119500
1267,6,2023-10-27,51.22,50.93,914000
1268,6,2023-10-30,51.14,51.14,659900
1269,6,2023-10-31,51.11,51.18,744200
1270,6,2023-11-01,51.1,50.63,1786600
1271,6,2023-11-02,50.83,50.75,872400
1272,6,2023-11-03,50.89,51.05,1785500
1273,6,2023-11-06,51.09,50.66,1238400
1274,6,2023-11-07,48.86,48.82,4570400
1275,6,2023-11-08,48.95,48.21,2600400
1276,6,2023-11-09,48.5,48.19,2078300
1277,6,2023-11-10,46.7,47.11,3691100
1278,6,2023-11-13,47.0,46.88,2392800
1279,6,2023-11-14,47.49,47.51,1781600
1280,6,2023-11-15,47.79,48.16,1460400
1281,6,2023-11-16,48.2,48.0,1234100
1282,6,2023-11-17,48.32,48.36,1226100
1283,6,2023-11-20,48.42,48.21,858900
1284,6,2023-11-21,48.3,48.84,1585200
1285,6,2023-11-22,48.75,48.91,849600
1286,6,2023-11-24,48.99,49.25,290400
1287,6,2023-11-27,49.22,49.15,757100
1288,6,2023-11-28,49.29,49.16,681200
1289,6,2023-11-29,49.31,48.92,1077500
1290,6,2023-11-30,48.9,48.44,1885700
1291,6,2023-12-01,48.45,48.42,958400
1292,6,2023-12-04,48.5,48.73,897600
1293,6,2023-12-05,48.6,48.49,678000
1294,6,2023-12-06,48.69,47.97,622600
1295,6,2023-12-07,47.95,48.21,502500
1296,6,2023-12-08,48.18,48.44,355100
1297,6,2023-12-11,48.62,48.54,458100
1298,6,2023-12-12,49.2,49.38,1329100
1299,6,2023-12-13,49.0,49.37,977300
1300,6,2023-12-14,49.71,49.57,1462900
1301,6,2023-12-15,49.57,49.28,2557700
1302,6,2023-12-18,49.5,49.28,858500
1303,6,2023-12-19,49.4,49.68,1119400
1304,6,2023-12-20,49.57,49.65,892400
1305,6,2023-12-21,49.76,49.93,396600
1306,6,2023-12-22,49.73,50.08,430000
1307,6,2023-12-26,50.15,50.34,431500
1308,6,2023-12-27,50.35,50.42,689700
1309,6,2023-12-28,50.39,50.44,531100
1310,6,2023-12-29,50.48,50.24,691600
1311,6,2024-01-02,50.07,50.31,984800
1312,6,2024-01-03,50.17,50.15,495300
1313,6,2024-01-04,50.05,50.24,697700
1314,6,2024-01-05,50.2,50.69,1462300
1315,6,2024-01-08,50.55,50.49,679400
1316,6,2024-01-09,50.49,50.39,1121100
1317,6,2024-01-10,51.0,51.03,1691600
1318,6,2024-01-11,51.19,50.96,1077300
1319,6,2024-01-12,51.11,50.66,995100
1320,6,2024-01-16,50.5,50.73,549200
1321,6,2024-01-17,50.52,50.64,1008400
1322,6,2024-01-18,50.79,50.5,917500
1323,6,2024-01-19,50.51,50.22,927900
1324,6,2024-01-22,50.5,50.05,1127300
1325,6,2024-01-23,50.2,49.49,1775600
1326,6,2024-01-24,49.49,48.99,2031400
1327,6,2024-01-25,49.0,48.52,1274300
1328,6,2024-01-26,48.75,48.71,1270500
1329,6,2024-01-29,48.7,49.42,1422400
1330,6,2024-01-30,49.28,49.25,466000
1331,6,2024-01-31,49.2,48.74,862300
1332,6,2024-02-01,48.92,47.45,4423000
1333,6,2024-02-02,47.6,47.57,1273700
1334,6,2024-02-05,47.32,47.0,1306400
1335,6,2024-02-06,47.0,46.58,1277000
1336,6,2024-02-07,46.91,46.22,2007900
1337,6,2024-02-08,47.11,47.54,1977000
1338,6,2024-02-09,46.64,46.83,1976400
1339,6,2024-02-12,46.81,47.5,1100000
1340,6,2024-02-13,46.8,47.04,1066700
1341,6,2024-02-14,47.21,47.34,711800
1342,6,2024-02-15,47.52,47.48,622700
1343,6,2024-02-16,47.32,47.32,785700
1344,6,2024-02-20,47.25,47.05,769000
1345,6,2024-02-21,47.15,46.55,832100
1346,6,2024-02-22,46.5,46.59,804800
1347,6,2024-02-23,46.55,46.37,744700
1348,6,2024-02-26,46.37,46.11,438800
1349,6,2024-02-27,46.13,46.32,625300
1350,6,2024-02-28,46.12,46.27,701200
1351,6,2024-02-29,46.27,46.13,728900
1352,6,2024-03-01,46.3,45.81,988100
1353,6,2024-03-04,45.8,45.83,523200
1354,6,2024-03-05,45.72,45.9,615000
1355,6,2024-03-06,45.97,45.78,861000
1356,6,2024-03-07,45.81,46.48,608300
1357,6,2024-03-08,46.59,46.79,605000
1358,6,2024-03-11,46.79,46.5,1184200
1359,6,2024-03-12,46.5,46.84,422400
1360,6,2024-03-13,46.75,46.7,625200
1361,6,2024-03-14,46.7,46.93,569200
1362,6,2024-03-15,46.81,46.82,1877800
1363,6,2024-03-18,46.85,45.89,1392600
1364,6,2024-03-19,45.9,46.05,658700
1365,6,2024-03-20,46.0,45.75,1297000
1366,6,2024-03-21,45.89,45.55,701200
1367,6,2024-03-22,45.31,45.29,740000
1368,6,2024-03-25,45.3,44.95,574300
1369,6,2024-03-26,45.06,44.76,747500
1370,6,2024-03-27,44.9,45.26,456000
1371,6,2024-03-28,45.16,45.3,1238000
1372,6,2024-04-01,45.2,45.36,658800
1373,6,2024-04-02,45.05,44.87,692800
1374,6,2024-04-03,45.0,45.29,909300
1375,6,2024-04-04,45.49,44.79,600000
1376,6,2024-04-05,44.67,43.75,1037400
1377,6,2024-04-08,43.9,43.75,580200
1378,6,2024-04-09,43.91,44.03,643700
1379,6,2024-04-10,43.83,42.6,1988400
1380,6,2024-04-11,42.87,40.78,3703200
1381,6,2024-04-12,40.78,39.31,3445600
1382,6,2024-04-15,39.25,39.33,5234200
1383,6,2024-04-16,38.75,38.93,3497500
1384,6,2024-04-17,38.25,37.87,3737900
1385,6,2024-04-18,37.95,37.83,1701900
1386,6,2024-04-19,37.59,38.53,2273100
1387,6,2024-04-22,38.6,37.96,1575700
1388,6,2024-04-23,37.2,36.51,6201600
1389,6,2024-04-24,36.27,35.4,4546900
1390,6,2024-04-25,35.0,34.81,2464900
1391,6,2024-04-26,34.82,35.54,1854400
1392,6,2024-04-29,35.92,35.83,1156900
1393,6,2024-04-30,35.53,35.48,1893500
1394,6,2024-05-01,35.28,35.25,1396200
1395,6,2024-05-02,35.53,35.1,808400
1396,6,2024-05-03,35.31,35.68,943500
1397,6,2024-05-06,36.33,35.73,863800
1398,6,2024-05-07,35.83,36.96,2936300
1399,6,2024-05-08,36.74,36.71,1292200
1400,6,2024-05-09,36.6,36.24,1333300
1401,6,2024-05-10,36.5,36.12,758700
1402,6,2024-05-13,36.24,35.76,1535400
1403,6,2024-05-14,36.2,36.2,630600
1404,6,2024-05-15,36.36,36.15,720500
1405,6,2024-05-16,36.0,36.15,841100
1406,6,2024-05-17,36.48,35.95,597500
1407,6,2024-05-20,36.06,35.73,916700
1408,6,2024-05-21,35.53,35.15,884900
1409,6,2024-05-22,35.24,34.93,933900
1410,6,2024-05-23,34.79,34.8,722400
1411,6,2024-05-24,35.0,34.63,999300
1412,6,2024-05-28,34.6,34.25,1437200
1413,6,2024-05-29,34.04,34.18,2169600
1414,6,2024-05-30,33.4,33.85,2630600
1415,6,2024-05-31,33.88,34.55,1564100
1416,6,2024-06-03,34.75,34.41,1187000
1417,6,2024-06-04,34.12,33.84,933600
1418,6,2024-06-05,33.71,33.97,1702000
1419,6,2024-06-06,33.97,33.96,592100
1420,6,2024-06-07,33.75,33.9,511300
1421,6,2024-06-10,33.66,33.51,633100
1422,6,2024-06-11,33.54,32.84,1326900
1423,6,2024-06-12,32.84,32.62,604000
1424,6,2024-06-13,32.56,32.18,1309100
1425,6,2024-06-14,31.96,31.7,1233300
1426,6,2024-06-17,32.74,32.0,1577100
1427,6,2024-06-18,32.0,31.73,719300
1428,6,2024-06-20,31.77,30.95,1761200
1429,6,2024-06-21,30.8,31.3,1897400
1430,6,2024-06-24,31.5,31.51,1097000
1431,6,2024-06-25,32.14,31.9,1868500
1432,6,2024-06-26,31.9,32.31,1370300
1433,6,2024-06-27,32.26,32.46,970300
1434,6,2024-06-28,32.39,33.08,1876000
1435,6,2024-07-01,33.03,33.92,1463000
1436,6,2024-07-02,33.98,33.43,1123700
1437,6,2024-07-03,33.6,33.33,374700
1438,6,2024-07-05,33.24,33.39,682300
1439,6,2024-07-08,33.4,34.02,966800
1440,6,2024-07-09,33.99,33.99,916700
1441,6,2024-07-10,34.05,34.09,753900
1442,6,2024-07-11,34.25,35.17,1609100
1443,6,2024-07-12,35.49,35.81,979900
1444,6,2024-07-15,35.91,35.05,1577800
1445,6,2024-07-16,35.17,35.4,1278400
1446,6,2024-07-17,35.09,34.91,1034100
1447,6,2024-07-18,34.9,34.17,598300
1448,6,2024-07-19,34.2,33.68,618000
1449,6,2024-07-22,33.7,34.0,603500
1450,6,2024-07-23,33.93,33.63,760800
1451,6,2024-07-24,33.59,32.95,634900
1452,6,2024-07-25,32.96,33.31,475500
1453,6,2024-07-26,33.51,33.75,476600
1454,6,2024-07-29,33.75,33.7,463500
1455,6,2024-07-30,33.77,33.95,407000
1456,6,2024-07-31,33.97,33.54,568200
1457,6,2024-08-01,33.5,33.29,660400
1458,6,2024-08-02,32.77,33.2,585500
1459,6,2024-08-05,32.5,32.29,991000
1460,6,2024-08-06,32.37,32.48,2527400
1461,6,2024-08-07,32.7,31.88,1278700
1462,6,2024-08-08,32.6,32.1,1068800
1463,6,2024-08-09,30.75,30.54,3019500
1464,6,2024-08-12,30.54,29.61,1806800
1465,6,2024-08-13,29.7,29.91,954100
1466,6,2024-08-14,30.05,30.13,1143000
1467,6,2024-08-15,31.5,31.72,1743200
1468,6,2024-08-16,31.84,32.47,1464600
1469,6,2024-08-19,32.6,32.91,944400
1470,6,2024-08-20,32.98,33.01,705500
1471,6,2024-08-21,33.9,35.44,4239700
1472,6,2024-08-22,35.7,35.05,1875300
1473,6,2024-08-23,35.24,35.78,1964700
1474,6,2024-08-26,35.96,35.39,949400
1475,6,2024-08-27,35.65,35.88,898500
1476,6,2024-08-28,35.82,35.9,969200
1477,6,2024-08-29,35.96,35.88,865800
1478,6,2024-08-30,36.19,35.72,1313400
1479,6,2024-09-03,35.65,36.03,995400
1480,6,2024-09-04,35.84,36.05,874600
1481,6,2024-09-05,36.13,35.22,1497000
1482,6,2024-09-06,35.27,34.77,1968600
1483,6,2024-09-09,34.31,36.55,2509300
1484,6,2024-09-10,36.5,37.81,2212000
1485,6,2024-09-11,37.71,40.46,3622400
1486,6,2024-09-12,40.45,39.26,1976400
1487,6,2024-09-13,38.55,38.22,2044500
1488,6,2024-09-16,38.25,38.66,1067700
1489,6,2024-09-17,39.02,39.89,3269900
1490,6,2024-09-18,39.77,39.07,1222100
1491,6,2024-09-19,39.5,38.87,1037000
1492,6,2024-09-20,38.83,38.29,2640400
1493,6,2024-09-23,38.42,38.1,1305400
1494,6,2024-09-24,38.75,38.28,1082700
1495,6,2024-09-25,38.3,38.41,986300
1496,6,2024-09-26,39.0,38.81,2244800
1497,6,2024-09-27,38.91,39.47,1508900
1498,6,2024-09-30,39.47,42.44,4496000
1499,6,2024-10-01,42.97,42.14,2281500
1500,6,2024-10-02,42.05,42.18,1363000
1501,6,2024-10-03,42.09,41.97,992300
1502,6,2024-10-04,42.3,42.28,1751300
1503,6,2024-10-07,42.3,42.64,1379700
1504,6,2024-10-08,42.29,42.62,869000
1505,6,2024-10-09,42.89,43.0,900700
1506,6,2024-10-10,42.95,43.15,1382300
1507,6,2024-10-11,43.19,42.98,882300
1508,6,2024-10-14,43.01,43.05,1023000
1509,6,2024-10-15,43.0,43.04,919800
1510,6,2024-10-16,43.04,42.91,1138700
1511,6,2024-10-17,42.77,42.64,1204100
1512,6,2024-10-18,42.8,41.98,1360000
1513,6,2024-10-21,41.92,42.04,949700
1514,6,2024-10-22,41.91,42.06,640600
1515,6,2024-10-23,41.91,41.81,1173700
1516,6,2024-10-24,42.12,41.6,18267700
1517,6,2024-10-25,22.34,21.26,52016200
1518,7,2023-10-26,111.78,111.23,713800
1519,7,2023-10-27,111.61,107.84,723000
1520,7,2023-10-30,108.97,110.04,575200
1521,7,2023-10-31,109.71,110.51,477500
1522,7,2023-11-01,110.4,109.44,747400
1523,7,2023-11-02,111.6,110.5,904400
1524,7,2023-11-03,112.23,113.1,1028700
1525,7,2023-11-06,113.44,111.18,1017200
1526,7,2023-11-07,110.73,110.83,1810400
1527,7,2023-11-08,113.04,114.37,2482000
1528,7,2023-11-09,115.14,114.49,1058900
1529,7,2023-11-10,113.7,113.54,1079200
1530,7,2023-11-13,112.89,113.28,887100
1531,7,2023-11-14,115.09,118.27,1029000
1532,7,2023-11-15,119.8,121.69,1119900
1533,7,2023-11-16,121.09,118.53,560300
1534,7,2023-11-17,119.73,119.56,573100
1535,7,2023-11-20,119.99,120.36,421700
1536,7,2023-11-21,119.43,119.61,391700
1537,7,2023-11-22,119.53,120.46,501200
1538,7,2023-11-24,120.81,122.3,290400
1539,7,2023-11-27,121.53,123.49,899500
1540,7,2023-11-28,123.69,124.35,533300
1541,7,2023-11-29,124.84,127.12,740800
1542,7,2023-11-30,126.83,127.05,1451000
1543,7,2023-12-01,126.76,131.23,1319200
1544,7,2023-12-04,130.61,126.85,967600
1545,7,2023-12-05,126.19,126.78,598300
1546,7,2023-12-06,127.49,127.15,418300
1547,7,2023-12-07,127.04,128.81,460600
1548,7,2023-12-08,128.42,129.39,388700
1549,7,2023-12-11,130.02,131.83,678500
1550,7,2023-12-12,133.8,132.9,627400
1551,7,2023-12-13,133.15,135.9,798300
1552,7,2023-12-14,138.16,139.3,1083900
1553,7,2023-12-15,138.85,138.51,1334600
1554,7,2023-12-18,138.33,141.01,1024500
1555,7,2023-12-19,141.4,143.78,1103400
1556,7,2023-12-20,142.75,142.93,992700
1557,7,2023-12-21,144.04,145.26,851700
1558,7,2023-12-22,142.32,142.85,720700
1559,7,2023-12-26,143.49,143.32,727400
1560,7,2023-12-27,143.35,143.01,505900
1561,7,2023-12-28,143.26,143.82,430600
1562,7,2023-12-29,143.32,142.34,771900
1563,7,2024-01-02,141.81,144.14,801600
1564,7,2024-01-03,142.43,140.75,795000
1565,7,2024-01-04,143.25,140.8,852900
1566,7,2024-01-05,141.53,141.07,626100
1567,7,2024-01-08,141.5,143.42,491200
1568,7,2024-01-09,142.21,141.26,633200
1569,7,2024-01-10,141.05,141.9,562900
1570,7,2024-01-11,141.09,140.69,570500
1571,7,2024-01-12,139.66,136.24,1258700
1572,7,2024-01-16,134.98,135.84,1026000
1573,7,2024-01-17,134.95,135.07,840400
1574,7,2024-01-18,135.84,136.22,618100
1575,7,2024-01-19,135.85,136.31,743500
1576,7,2024-01-22,136.79,138.28,744100
1577,7,2024-01-23,139.03,137.74,547700
1578,7,2024-01-24,138.56,137.24,481300
1579,7,2024-01-25,137.83,140.02,673500
1580,7,2024-01-26,142.47,142.24,899400
1581,7,2024-01-29,142.15,143.57,581700
1582,7,2024-01-30,142.98,144.57,760700
1583,7,2024-01-31,145.1,141.82,693600
1584,7,2024-02-01,142.51,144.47,597100
1585,7,2024-02-02,143.21,145.86,925700
1586,7,2024-02-05,145.13,145.53,602300
1587,7,2024-02-06,145.5,145.44,933600
1588,7,2024-02-07,145.74,145.24,1170900
1589,7,2024-02-08,161.46,169.63,4428100
1590,7,2024-02-09,168.35,172.75,1760000
1591,7,2024-02-12,172.56,175.5,1408300
1592,7,2024-02-13,171.18,173.09,1357100
1593,7,2024-02-14,175.0,175.41,1093800
1594,7,2024-02-15,176.7,178.82,1165000
1595,7,2024-02-16,177.68,178.52,817100
1596,7,2024-02-20,177.68,180.98,1141500
1597,7,2024-02-21,179.96,181.7,756700
1598,7,2024-02-22,183.25,184.71,750200
1599,7,2024-02-23,185.53,186.01,829600
1600,7,2024-02-26,186.36,184.58,837300
1601,7,2024-02-27,184.86,180.24,1404700
1602,7,2024-02-28,178.76,181.33,943800
1603,7,2024-02-29,181.08,183.52,1074200
1604,7,2024-03-01,183.81,182.6,695700
1605,7,2024-03-04,177.67,175.88,2092400
1606,7,2024-03-05,175.34,177.99,1260400
1607,7,2024-03-06,178.73,176.91,1458800
1608,7,2024-03-07,177.78,177.39,1052000
1609,7,2024-03-08,177.55,173.76,1204000
1610,7,2024-03-11,173.04,176.09,1106100
1611,7,2024-03-12,176.08,178.12,1359000
1612,7,2024-03-13,177.79,180.45,1129600
1613,7,2024-03-14,181.44,179.91,1004700
1614,7,2024-03-15,180.02,179.26,1593000
1615,7,2024-03-18,181.07,180.63,939100
1616,7,2024-03-19,180.15,181.93,784100
1617,7,2024-03-20,182.1,187.86,1126100
1618,7,2024-03-21,188.65,187.96,863500
1619,7,2024-03-22,186.21,185.18,618700
1620,7,2024-03-25,184.88,180.52,722100
1621,7,2024-03-26,182.43,180.53,921400
1622,7,2024-03-27,182.76,184.85,529300
1623,7,2024-03-28,184.36,186.1,519200
1624,7,2024-04-01,184.57,182.99,818000
1625,7,2024-04-02,174.44,174.63,1396000
1626,7,2024-04-03,174.08,171.61,1146800
1627,7,2024-04-04,173.73,169.63,882100
1628,7,2024-04-05,170.17,170.43,755200
1629,7,2024-04-08,171.49,169.15,1301300
1630,7,2024-04-09,169.1,168.18,1423500
1631,7,2024-04-10,166.08,165.0,859800
1632,7,2024-04-11,165.57,163.56,1002600
1633,7,2024-04-12,162.2,158.87,1319900
1634,7,2024-04-15,161.17,158.74,853000
1635,7,2024-04-16,158.11,159.47,1037000
1636,7,2024-04-17,160.78,157.84,720100
1637,7,2024-04-18,158.33,155.94,1079500
1638,7,2024-04-19,155.8,157.06,876400
1639,7,2024-04-22,158.0,160.54,1061200
1640,7,2024-04-23,161.35,166.59,1260800
1641,7,2024-04-24,166.74,166.72,1069600
1642,7,2024-04-25,164.52,165.45,823100
1643,7,2024-04-26,164.9,165.01,704200
1644,7,2024-04-29,165.79,165.55,674200
1645,7,2024-04-30,165.13,162.19,831700
1646,7,2024-05-01,161.79,162.17,1212100
1647,7,2024-05-02,163.83,163.46,748900
1648,7,2024-05-03,164.89,165.17,549400
1649,7,2024-05-06,166.42,165.19,729700
1650,7,2024-05-07,166.05,165.25,807800
1651,7,2024-05-08,164.17,163.7,685000
1652,7,2024-05-09,163.69,166.55,583300
1653,7,2024-05-10,166.25,165.67,752000
1654,7,2024-05-13,166.78,164.14,803600
1655,7,2024-05-14,165.14,164.84,611500
1656,7,2024-05-15,165.77,165.5,756900
1657,7,2024-05-16,166.14,164.62,995100
1658,7,2024-05-17,165.16,166.39,823200
1659,7,2024-05-20,166.05,165.46,1059500
1660,7,2024-05-21,165.33,166.51,929800
1661,7,2024-05-22,165.84,162.75,1557100
1662,7,2024-05-23,158.6,168.07,2282600
1663,7,2024-05-24,167.08,171.92,1330500
1664,7,2024-05-28,173.03,179.65,1343600
1665,7,2024-05-29,178.81,181.8,949300
1666,7,2024-05-30,182.37,183.8,1131200
1667,7,2024-05-31,184.52,185.23,1191600
1668,7,2024-06-03,185.54,183.64,920500
1669,7,2024-06-04,182.56,179.54,851800
1670,7,2024-06-05,180.39,182.78,627200
1671,7,2024-06-06,184.16,180.37,728700
1672,7,2024-06-07,180.57,180.16,644700
1673,7,2024-06-10,179.02,186.65,1094500
1674,7,2024-06-11,185.88,184.66,512500
1675,7,2024-06-12,186.95,184.64,936600
1676,7,2024-06-13,184.62,184.65,701100
1677,7,2024-06-14,182.9,178.09,661700
1678,7,2024-06-17,177.77,181.31,952800
1679,7,2024-06-18,180.11,180.28,847300
1680,7,2024-06-20,180.89,182.95,930700
1681,7,2024-06-21,182.58,180.99,2172100
1682,7,2024-06-24,180.79,182.33,574900
1683,7,2024-06-25,183.42,180.63,699100
1684,7,2024-06-26,180.24,178.25,685200
1685,7,2024-06-27,175.97,174.31,781800
1686,7,2024-06-28,170.33,174.33,1153200
1687,7,2024-07-01,174.92,171.35,867700
1688,7,2024-07-02,171.19,168.04,887700
1689,7,2024-07-03,168.37,167.02,438200
1690,7,2024-07-05,166.51,167.97,825100
1691,7,2024-07-08,169.52,176.33,1226500
1692,7,2024-07-09,176.72,178.74,943400
1693,7,2024-07-10,179.67,178.23,963600
1694,7,2024-07-11,179.99,183.17,795900
1695,7,2024-07-12,185.04,180.82,599600
1696,7,2024-07-15,177.05,170.35,1120700
1697,7,2024-07-16,171.27,172.47,1193700
1698,7,2024-07-17,169.65,169.01,1061500
1699,7,2024-07-18,169.89,167.07,659200
1700,7,2024-07-19,166.44,164.62,812100
1701,7,2024-07-22,165.94,167.51,585500
1702,7,2024-07-23,166.79,166.31,395300
1703,7,2024-07-24,165.98,163.23,576400
1704,7,2024-07-25,163.44,160.47,724900
1705,7,2024-07-26,163.11,167.4,554900
1706,7,2024-07-29,167.64,172.81,611800
1707,7,2024-07-30,173.41,172.41,540500
1708,7,2024-07-31,174.27,174.86,666900
1709,7,2024-08-01,174.8,171.88,824600
1710,7,2024-08-02,166.09,163.71,1222500
1711,7,2024-08-05,156.47,159.13,1179700
1712,7,2024-08-06,161.25,164.26,1345400
1713,7,2024-08-07,164.31,158.72,1251500
1714,7,2024-08-08,161.28,160.95,892500
1715,7,2024-08-09,160.1,161.48,688800
1716,7,2024-08-12,161.67,158.37,712800
1717,7,2024-08-13,159.21,161.72,770300
1718,7,2024-08-14,161.84,157.87,687600
1719,7,2024-08-15,162.62,163.58,1041100
1720,7,2024-08-16,163.31,162.6,889100
1721,7,2024-08-19,163.61,166.31,948800
1722,7,2024-08-20,166.26,166.04,740900
1723,7,2024-08-21,167.84,169.43,960400
1724,7,2024-08-22,170.2,168.32,646900
1725,7,2024-08-23,169.29,173.85,769700
1726,7,2024-08-26,174.27,170.43,512600
1727,7,2024-08-27,169.69,171.73,400000
1728,7,2024-08-28,169.5,168.76,530600
1729,7,2024-08-29,169.68,169.96,442600
1730,7,2024-08-30,171.17,170.54,449900
1731,7,2024-09-03,169.2,173.15,767500
1732,7,2024-09-04,171.75,171.63,467200
1733,7,2024-09-05,171.72,172.68,500000
1734,7,2024-09-06,172.31,172.13,1012200
1735,7,2024-09-09,172.31,172.96,782100
1736,7,2024-09-10,172.62,171.98,665100
1737,7,2024-09-11,171.9,174.17,686100
1738,7,2024-09-12,174.19,174.63,892000
1739,7,2024-09-13,176.66,177.89,772600
1740,7,2024-09-16,178.27,180.68,691900
1741,7,2024-09-17,181.53,183.44,540200
1742,7,2024-09-18,183.03,182.84,713200
1743,7,2024-09-19,185.81,183.99,653300
1744,7,2024-09-20,184.48,184.54,1320000
1745,7,2024-09-23,184.89,185.12,696300
1746,7,2024-09-24,187.84,189.81,736600
1747,7,2024-09-25,190.17,188.52,657200
1748,7,2024-09-26,193.2,196.79,902700
1749,7,2024-09-27,200.07,196.53,708200
1750,7,2024-09-30,196.5,193.87,485600
1751,7,2024-10-01,193.19,192.23,685200
1752,7,2024-10-02,190.8,193.12,525900
1753,7,2024-10-03,191.0,192.41,697200
1754,7,2024-10-04,195.33,196.17,531400
1755,7,2024-10-07,195.52,195.55,606000
1756,7,2024-10-08,194.73,194.57,446800
1757,7,2024-10-09,195.32,195.73,344400
1758,7,2024-10-10,195.8,199.12,545700
1759,7,2024-10-11,199.08,201.89,556400
1760,7,2024-10-14,201.36,206.1,582500
1761,7,2024-10-15,205.57,201.25,848800
1762,7,2024-10-16,202.72,202.13,556900
1763,7,2024-10-17,203.53,202.94,504700
1764,7,2024-10-18,204.35,206.24,418600
1765,7,2024-10-21,206.24,203.54,430200
1766,7,2024-10-22,201.74,199.19,457200
1767,7,2024-10-23,198.16,196.51,479500
1768,7,2024-10-24,199.11,197.94,417400
1769,7,2024-10-25,199.72,197.59,682900
